GenBank Nucleotide Accession,Gene ID
NM_013989,13371
NM_013261,19017
NM_021833,22227
NM_001017970,238257
NM_000561,14863
NM_001099294,72301
NM_004684,13602
NM_152774,217951
NM_005220,13393
NM_003012,20377
NM_000499,13076
NM_014424,29818
NM_001142861,17130
NM_000095,12845
NM_022131,64085
NM_000900,17313
NM_138569,69642
NM_001001557,242316
NM_000961,19223
NM_006207,68797
NM_014571,56198
NM_002166,15902
NM_032827,71093
NM_015393,231440
NM_001076778,268709
NM_000313,19128
NM_031866,14370
NM_153225,226866
NM_002167,15903
NM_198449,13723
NM_001099652,70713
NM_000104,13078
NM_006108,233744
NM_001010846,214547
NM_002165,15901
NM_002160,21923
NM_018013,109205
NM_005985,20613
NM_018286,67888
NM_018689,80982
NM_015000,232533
NM_003638,241226
NM_019885,232174
NM_205855,208164
NM_032849,70717
NM_005226,13610
NM_000362,21859
NM_005270,14633
NM_003979,232431
NM_000426,16773
NM_020403,211712
NM_144684,
NM_012109,67937
NM_006644,15505
NM_002430,433938
NM_005982,20471
NM_003247,21826
NM_002048,14451
NM_014597,99480
NM_015419,
NM_001204376,18162
NM_016343,108000
NM_181523,18708
NM_005905,55994
NM_001993,14066
NM_018212,13800
NM_003713,67916
NM_001190822,17131
NM_006267,19386
NM_033023,18590
NM_003239,21809
NM_002114,110521
NM_017785,70385
NM_002612,27273
NM_003505,14362
NM_001813,229841
NM_015169,59014
NM_018948,74155
NM_001204961,18514
NM_022659,13592
NM_001080450,331623
NM_014751,211401
NM_020190,99543
NM_002133,15368
NM_012134,93689
NM_025134,109151
NM_182679,66614
NM_007034,67035
NM_004102,14077
NM_017633,212943
NM_013241,234686
NM_001002926,28071
NM_025179,18845
NM_004713,66244
NM_004750,12931
NM_000899,17311
NM_152546,67222
NM_002923,19735
NM_002912,19714
NM_001634,11702; 100041585
NM_002228,16476
NM_001039492,14200
NM_002448,17701
NM_003115,107652
NM_014452,94185
NM_032860,353258
NM_006988,11504
NM_003850,20916
NM_005346_2,
NM_001962,13640
NM_024641,242362
NM_005857,230709
NM_005406,19877
NM_015462,68979
NM_001194986,666048
NM_022073,112407
NM_000204,12630
NM_001172309,68810
NM_001128922,434215
NM_001033723,170753
NM_006981,18124
NM_001076683,21429
NM_001801,12583
NM_021033,76108
NM_020733,77446
NM_005066,71514
NM_017906,68083
NM_016463,67393
NM_024546,72486
NM_032175,105372
NM_021194,22782
NM_198993,217154
NM_005924,17286
NM_207304,105559
NM_201526,26968
NM_206886,73254
NM_003107,20677
NM_015461,225207
NM_016101,66164
NM_016952,57810
NM_005952,
NM_007168,27404
NM_005345_4,
NM_017819,52575
NM_001139510,52665
NM_173833,71145
NM_005159,11464
NM_001080505,330096
NM_033402,71710
NM_003155,20855
NM_003420,22646
NM_001394,319520
NM_003292,108989
NM_004972,16452
NM_000428,16997
NM_014177,67105
NM_014829,212880
NM_014722,193385
NM_003017,20383
NM_032793,76574
NM_007124,22288
NM_012242,13380
NM_001004342,330863
NM_001040185,
NM_000898,109731
NM_199170,65112
NM_012416,240614
NM_005530,67834
NM_014945,319713
NM_001412,13664
NM_032581,84652
NM_020368,65961
NM_002487,17984
NM_000621,15558
NM_001113381,19736
NM_021110,12818
NM_001127464,195209
NM_001276380,66580
NM_001193572,13007
NM_015032,100710
NM_000607,18407; 18405; 18406
NM_003862,14172
NM_178568,237847
NM_001101801,225358
NM_006735,15399
NM_020861,381990
NM_014777,382038
NM_001178088,20975
NM_022166,233781
NM_003913,19134
NM_032622,16924
NM_020808,244668
NM_199421,67296
NM_006784,269470
NM_000916,18430
NM_173462,170721
NM_152352,108654
NM_018429,544971
NM_004405,13392
NM_178033,81906
NM_002522,18164
NM_031271,104271
NM_005854,54409
NM_006885,11906
NM_001142651,240055
NM_014498,73124
NM_005244,14049
NM_138328,246104
NM_030773,545486
NM_030949,76142
NM_016932,20472
NM_001166265,268977
NM_022451,57753
NM_014587,20681
NM_014971,668212
NM_005711,13612
NM_000108,13382
NM_138792,235497
NM_001207012,18654
NM_001853,12841
NM_001130690,23984
NM_138284,239114
NM_183373,66895
NM_006649,72554; 195434
NM_004760,
NM_005934,64144
NM_024010,210009
NM_002996,20312
NM_001039667,57875
NM_001114734,241989
NM_018316,234378
NM_182976,54367
NM_000904,18105
NM_020967,228869
NM_014388,215193
NM_001184,245000
NM_003667,14160
NM_207517,269959
NM_002015,56458
NM_014165,68493
NM_001013672,74230
NM_001357,13211
NM_003472,110052
NM_018385,224092
NM_001018006,22003
NM_016195,240641
NM_177963,171180
NM_005348,15519
NM_025040,
NM_182961,64009
NM_015046,269254
NM_173814,235472
NM_032859,68904
NM_032772,218820
NM_000384,238055
NM_002229,16477
NM_000016,11364
NM_138374,101055890
NM_015069,94187
NM_004239,109181
NM_001110199,58212
NM_019601,71733
NM_021184_3,
NM_032287,223732
NM_015101,269132
NM_031311,71287
NM_021826,380601
NM_001684,381290
NM_000683,11553
NM_001015001,12716
NM_001276490,20725
NM_006208,18605
NM_138409,244958
NM_031480,71340
NM_005249,15228
NM_004598,20745
NM_001190242,68259
NM_001099772,13120
NM_005520,59013
NM_001256571,20183
NM_003613,214425
NM_001142386,236900
NM_005911,232087
NM_006720,226251
NM_003480,50530
NM_032290,105377
NM_001042414,66645
NM_018130,72171
NM_003014,20379
NM_015548,13518
NM_001272012,414801
NM_033452,217333
NM_000910,18167
NM_006392,67134
NM_001363,245474
NM_020749,102103
NM_004418,13537
NM_001934,13394
NM_006980,545725; 208595
NM_015551,382111
NM_001258029,227753
NM_017665,67966
NM_005023,225467
NM_001943,13511
NM_005565,16822
NM_001111019,78286
NM_153366,64817
NM_020801,105171
NM_182487,241327
NM_152271,244421
NM_004458,50790
NM_032145,71865
NM_001005473,239318
NM_022845,12400
NM_173808,320840
NM_181702,14579
NM_138395,212679
NM_015057,105689
NM_000557,14563
NM_002758,26399
NM_005946,
NM_001145662,14461
NM_001122659,13618
NM_194318,381694
NM_015454,28036; 68280
NM_019083,229780
NM_018327,228677
NM_001243252,98363
NM_014733,218441
NM_199287,67291
NM_001426,13798
NM_007173,76453
NM_001206961,85031
NM_004434,68519
NM_005275_3,
NM_001164748,71323
NM_001142469,67254
NM_018136,12316
NM_002126,217082
NM_003430,66869; 100416706; 212276
NM_012124,66917
NM_182914,319565
NM_001276277,227399
NM_015692,
NM_033181,12801
NM_018204,80986
NM_018708,14154; 216622
NM_001079521,16709
NM_002246,16527
NM_152305,224143
NM_018947,13063
NM_000877,16177
NM_001270471,216233; 100043256
NM_000682,11552
NM_000669,11522
NM_005144,15460
NM_006170,110109
NM_003437,
NM_021269,212569; 408068; 218311; 100417934; 431706; 238690; 328274; 218314; 22746; 432769; 380855; 408067; 238722; 238692; 235907; 238693; 432770; 72807; 408065; 72958; 170763; 629016
NM_030929,107250
NM_001164766,11906
NM_000608,18407; 18405; 18406
NM_017948,70930
NM_138440,246154
NM_001257273,98403
NM_017667,73288
NM_001927,13346
NM_024683,68550
NM_001137668,26885
NM_030824,329575; 626848; 100303732; 667962; 628308; 626832; 665001; 100039060; 100043915; 668039; 100043381; 100043387; 665211
NM_005397,27205
NM_017421,230027
NM_001244683,54611
NM_024074,74166
NM_020299,14187; 11997; 67861
NM_001515,23894
NM_001143824,69354
NM_000392,12780
NM_152355,
NM_004490,50915
NM_000186,12628; 545366; 214403
NM_144508,76464
NM_014932,192167
NM_139245,242083
NM_001134402,72023
NM_201632,21414
NM_001453,17300
NM_004499,15384
NM_018343,67045
NM_014817,66873
NM_018934,93891
NM_014618,56710
NM_016533,29862
NM_004655,12006
NM_052911,77805
NM_014793,329504
NM_002163,15900
NM_001256099,68588
NM_145071,12700
NM_014923,319448
NM_152626,212569; 408068; 218311; 100417934; 431706; 238690; 328274; 218314; 22746; 432769; 380855; 408067; 238722; 238692; 235907; 238693; 432770; 72807; 408065; 72958; 170763; 629016
NM_016023,72201
NM_015658,57741
NM_001017928,381045
NM_183043,74132
NM_001130528,70834
NM_015465,216766
NM_015199,105522
NM_153267,71738
NM_178120,13390
NM_194298,66859
NM_001081752,13717
NM_002214,320910
NM_014220,17112
NM_001126102,15439
NM_003028,230126
NM_015453,14911
NM_019105_4,
NM_018672,217265
NM_001017416,230484
NM_022817,18627
NM_002253,16542
NM_001144876,27261
NM_001171991,15159
NM_145244,73284
NM_004390,13036
NM_007043,52705
NM_006869,231821
NM_153026,106042
NM_003954,53859
NM_001032373,56707
NM_005434,228576
NM_000217,16485
NM_000014,232345
NM_015985,11602
NM_004616,216350
NM_032530,
NM_006851,73690
NM_001197222,238871
NM_004669,69454
NM_017745,71458
NM_000067,12349
NM_005282,319197
NM_014981,667772
NM_020692,108760
NM_032018,244666
NM_020778,116904
NM_001252676,68738
NM_001647,11815
NM_152457,71063
NM_152412,
NM_175856,78923
NM_080283,217262
NM_001005851,338354
NM_001242312,629059
NM_001080437,208777
NM_139351,30948
NM_001256301,15446
NM_182765,226098
NM_023074,
NM_031455,74186
NM_145173,208666
NM_024632,50724
NM_152262,
NM_144962,73523
NM_001017396,72180
NM_024644,71952
NM_001197131,329251
NM_001755,12400
NM_001130928,17258
NM_001177876,18548
NM_015384,71175
NM_014585,53945
NM_080826,319909
NM_001128219,232334
NM_001271878,20218
NM_015158,107351
NM_005727,66805
NM_003881,22403
NM_001323,73720
NM_022054,217826
NM_005968,76936
NM_001099692,276770
NM_001608,11363
NM_004445,13848
NM_001270365,107747
NM_080743,272009
NM_002661,234779
NM_001130031,77519
NM_031921,108888
NM_000679,11548
NM_183004,217869; 102641436
NM_001012301,545260
NM_001080519,268515
NM_000609,20315
NM_017770,54326
NM_003642,107435
NM_194454,79264
NM_005204,26410
NM_004067,69993
NM_025077,68276
NM_032222,330323
NM_001145727,74071
NM_001164771,11988
NM_005460,67847
NM_019856,17929
NM_020402,504186
NM_001122752,20713
NM_198682,
NM_144497,83397
NM_005512,434215
NM_000038,11789
NM_020654,66315
NM_006194,18511
NM_194271,80751
NM_001258313,18573
NM_001145678,72371
NM_001018116,68016
NM_014895,382090
NM_018419,20672
NM_001001665,
NM_000495,12830
NM_006447,74112
NM_014953,72662
NM_001115,11514
NM_144676,66269
NM_015687,70598
NM_005525,15483
NM_002449,17702
NM_178558,212569; 408068; 218311; 100417934; 431706; 238690; 328274; 218314; 22746; 432769; 380855; 408067; 238722; 238692; 235907; 238693; 432770; 72807; 408065; 72958; 170763; 629016
NM_013423,11856
NM_001007023,13371
NM_144573,68810
NM_003408,22696
NM_004986,16709
NM_002310,16880
NM_001142315,16909
NM_004117,14229
NM_144717,213208
NM_014950,268564
NM_001256835,106248
NM_003469,20254
NM_138554,21898
NM_032656,208144
NM_001178129,20349
NM_153362,244954
NM_030911,71891
NM_144966,329872
NM_018229,74385
NM_014955,71449
NM_012177,67141
NM_001762,12466
NM_001164239_4,
NM_139158,271697
NM_018411,15460
NM_005690,74006
NM_001204403,11735
NM_001114107,53318
NM_001142294,229285
NM_001040715,74356
NM_133462,67120
NM_003256,110595
NM_005545,26968
NM_001276,12654
NM_001007250,20280
NM_003854,107527
NM_000442,18613
NM_024755,66660
NM_001037954,330938
NM_000439,18548
NM_006998,214189
NM_001199856,56248
NM_001167929,16180
NM_021977,20519
NM_152603,245368
NM_012135,108161
NM_004734,13175
NM_198457,634762; 547097
NM_206963,109222
NM_006969,634762; 547097
NM_001013843,66660
NM_003629,18710
NM_001010866,230917
NM_012258,15213
NM_001007090,621080
NM_003064,20568
NM_031950,
NM_017886,209012
NM_001271164,19224
NM_001008401,22709
NM_198077,66421
NM_001546,15904
NM_139235,230082
NM_022716,18933
NM_001206841,22135; 22134
NM_001040450,235461
NM_002386,17199
NM_005491,333639
NM_000921,54611
NM_005414,20482
NM_001204415,94242
NM_001190964,76007
NM_006774,21743
NM_001129908,245050
NM_005587,17258
NM_001256187,55988
NM_001142589,18046
NM_003013,20319
NM_001677,11931
NM_003741,12667
NM_003471,16497
NM_001258312,18573
NM_001010932,15234
NM_003758,78655; 100042807
NM_001199622,211329
NM_004945,13430
NM_015895,57441
#NAME?,
NM_004506,15500
NM_001004301,634762; 547097
NM_145117,78286
NM_004342,109624
NM_201538,29811
NM_022135,64082
NM_002127,14991; 14990; 333715; 14985; 240095; 15015; 399549; 224761; 102642035; 224756; 224754; 224753; 15042; 105242510; 15033; 15043; 15051; 15039; 110696; 15018; 14972; 14997; 15040; 15007; 667977; 14963; 15019; 110557; 14964; 14980; 15024; 100529082; 15006; 15013; 630294
NM_006573,24099
NM_014660,75725
NM_015029,67724
NM_031372,50926
NM_001173982,58250
NM_001025159,16149
NM_018380,71986
NM_005134,70351
NM_001127217,55994
NM_000618,16000
NM_013359,
NM_206852,104001
NM_015123,232288
NM_001257237,
NM_006531,21821
NM_032823,72061
NM_001172682,239652
NM_153498,227541
NM_001162422,23871
NM_024917,215201
NM_001040129,100038417
NM_001113380,19736
NM_001127321,12419
NM_005107,208194
NM_000322,19133
NM_001277,12660
NM_001270492,218543
NM_001039199,76080
NM_001129887,22791
NM_005408,20296
NM_000153,14420
NM_206966,225443
NM_030760,94226
NM_181353,15901
NM_017873,72323
NM_001251971,70834
NM_001098212,15465
NM_019591_1,
NM_001258218,67139
NM_001165033,328234
NM_015180,319565
NM_002829,545622
NM_199132,
NM_001271033,18003
NM_001258315,13605
NM_019605,214791
NM_001144924,434234
NM_057749,12448
NM_025189,212569; 408068; 218311; 100417934; 431706; 238690; 328274; 218314; 22746; 432769; 380855; 408067; 238722; 238692; 235907; 238693; 432770; 72807; 408065; 72958; 170763; 629016
NM_000779,13120
NM_006994,
NM_001258276,77220
NM_001178096,14066
NM_001168280,97064
NM_001253388,12661
NM_014190,11518
NM_018640,109593
NM_001198806,66665
NM_145000,223332
NM_006482,69181
NM_014377,22791
NM_001012320,
NM_001168254,68095
NM_144985,239096
NM_020844,319582
NM_033661,57773
NM_004944,13421
NM_001099339,99311
NM_152731,320705
NM_021221,266614
NM_018486,70315
NM_016374,94246
NM_006328,56275
NM_017791,217721
NM_001204375,18162
NM_021705,18044
NM_003819,230721
NM_199188,207214
NM_007002,56436; 100043022
NM_007145,26465
NM_003745,12703
NM_021945,73102
NM_001271906,66787
NM_001243611,109593
NM_198794,399510
NM_004032,70503
NM_001146216,320165
NM_001134658,240660
NM_001145971,108841
NM_001145078,
NM_152723,70054
NM_153633,15423
NM_022144,64103
NM_001197295,407800
NM_001164616,14368
NM_001190882,26428
NM_015550,71720
NM_001161587,14936
NM_014350,106869
NM_001195283,217721
NM_001258277,77220
NM_001038493,13390
NM_001243953,16563
NM_014310,75141
NM_022160,242523
NM_001077440,72567
NM_001296,59289
NM_001217,12348
NM_001013848,107371
NM_001199125,26572
NM_001258208,15288
NM_139168,218543
NM_017450,108100
NM_001458,68794
NM_001195430,13175
NM_207661,75553
NM_004297,14675
NM_001177665,51869
NM_001042550,14211
NM_001126130,78833
NM_001299,12797
NM_001204963,18514
NM_005541,16331
NM_001271367,19224
NM_016264,
NM_002968,58198
NM_001258040,15115
NM_130839,22215
NM_001040876,24015
NM_199003,73754
NM_213569,
NM_001076678,212569; 408068; 218311; 100417934; 431706; 238690; 328274; 218314; 22746; 432769; 380855; 408067; 238722; 238692; 235907; 238693; 432770; 72807; 408065; 72958; 170763; 629016
NM_003485,238377
NM_001166037,26466
NM_001172698,170826
NM_014962,228662
NM_001160226,12801
NM_033288,224585
NM_001008224,72565
NM_001199189,66671
NM_014890,78749
NM_001170634,233908
NM_024870,109294
NM_001014972,18139
NM_001008493,13800
NM_001171988,11593
NM_001099669,56295
NM_014750,218977
NM_001001925,102103
NM_130836,74143
NM_025224,72147
NM_001145860,67724
NM_021163,57782
NM_005098,17681
NM_006732,14282
NM_203500,50868
NM_139314,57875
NM_033020,94093
NM_001199699,216877
NM_001127671,16880
NM_001009555,27059
NM_001193534,242960
NM_006576,11567
NM_001042576,81910
NM_182946,18080
NM_001243225,64934
NM_001167741,382793
NM_001146,11600
NM_004242,94353
NM_001030272,11865
NM_001185080,60363
NM_001178101,
NM_001243158,21341
NM_001146076,71919
NM_025170,109294
NM_001164342,56490
NM_001270488,68776
NM_170693,27219
NM_019000,66270
NM_019067,237107
NM_001128205,240725
NM_001258308,110109
NM_001165881,
NM_001080975,194590
NM_001538,26386
NM_001149,11735
NM_032432,231148
NM_002967,224903
NM_033135,71785
NM_001258294,18019
NM_172177,67270
NM_001270978,71955
NM_001242640,210766
NM_015642,56490
NM_001193425,64707
NM_004355,16149
NM_001205122,51897
NM_178127,
NM_001167575,67770
NM_001018004,22003
NM_198389,14726
NM_001198966,73181
NM_021005,11819
NM_001164716,19309
NM_001008707,68519
NM_001137604,20017
NM_172230,74126
NM_001170564,226861
NM_024518,
NM_001248008,20482
NM_144654,69327
NM_201281,77116
NM_001032282,21847
NM_001098615,78895
NM_021647,71306
NM_001010934,15234
NM_184234,170791
NM_138455,68588
NM_033254,117606
NM_001256387,109245
NM_004902,170791
NM_001100167,17540
NM_203292,225182
NM_004430,13655
NM_014711,101565
NM_021076,380684
NM_001032293,22680
NM_003899,54126
NM_023929,229055
NM_003410,22764; 22767
NM_001017920,76747
NM_001017535,22337
NM_001025158,16149
NM_014317,56075
NM_018334,16981
NM_004277,74011
NM_183009,66185
NM_001077497_6,
NM_022977,50790
NM_001173,11855
NM_001166212,56708
NM_170691,320806
NM_024630,224454
NM_153285,15586
NM_001261843,78834
NM_018487,66058
NM_001197221,238871
NM_001146075,71919
NM_001029853,218461
NM_001011537,69823
NM_031220,327958
NM_001003792,207181
NM_201348,116847
NM_002140,15387
NM_001775,12494
NM_001044388,
NM_001013732,627626
NM_203412,67591
NM_152486,231004
NM_148977,75735
NM_020432,68770
NM_001001995,14758
NM_001160259,12801
NM_004487,224139
NM_001005360,13430
NM_001105244,19274
NM_145034,240832
NM_001193417,13205; 110957
NM_001199480,
NM_033430,242202
NM_006350,14313
NM_001166017,219114
NM_022717,76167; 76669
NM_001135022,232089
NM_001105554,634762; 547097
NM_152660,230789
NM_002078,54214
NM_032918,232441
NM_001145374,231642
NM_181804,18769
NM_001272000,67299
NM_001001924,102103
NM_147185,100986
NM_001270533,60532
NM_001100164,215789
NM_001100122,216161
NM_001616,11480
NM_001098579,17540
NM_001136138,320119
NM_014567,12927
NM_001242464,19049
NM_014959,
NM_207325,233115
NM_003063,
NM_004465,14165
NM_003951,20523
NM_001193277,17318
NM_001037232,
NM_001244992,17931
NM_005947,
NM_001199623,14311
NM_016603,225358
NM_031243,53379
NM_003466,18510
NM_001083335,57745
NM_003070,67155
NM_001042574,70461
NM_001105192,21887
NM_005154,84092
NM_145740,14858; 100042314; 100042295; 14857; 666383
NM_001114331,26373
NM_000627,268977
NM_001101312,65963
NM_001356,13205; 110957
NM_001130182,58233
NM_000096,12870
NM_001276311,78688
NM_014251,50799
NM_203350,53861
NM_001166119,16842
NM_015247,74256
NM_001128310,13602
NM_001516,209357
NM_201541,29811
NM_001083893,94186
NM_003275,21916
NM_001144824,
NM_001029891,
NM_001258039,24063
NM_003633,13803
NM_001172220,29871
NM_001127897,244585
NM_001136004,194401
NM_005254,14391
NM_001270493,218543
NM_001248011,74167
NM_001134999,218952
NM_006498,107753
NM_002150,15445
NM_152525,102636554
NM_020169,17035
NM_001161347,231600
NM_173665,72371
NM_146388,66163
NM_001190983,12850
NM_080730,320678
NM_003645,26458
NM_015677,24057
NM_001202457,634762; 547097
NM_001983,13870
NM_001164730,52250
NM_001171624,22339
NM_001145364,68758
NM_001040134,18483
NM_001042551,14211
NM_001040661,243328
NM_001257406,16190
NM_016631,67367
NM_012210,69807
NM_001128921,17169
NM_001256540,28126
NM_015269,230594
NM_017787,226178
NM_145044,
NM_201539,29811
NM_013352,212898
NM_001136153,12915
NM_015350,433926
NM_013275,77087
NM_001163509,73828
NM_001242897,277854
NM_005977,74132
NM_001017926,22770
NM_004673,72713
NM_015908,83701
NM_001042782,21957
NM_001142269,56316
NM_005147,83945
NM_001163940,110095
NM_001256164,68944
NM_001168368,108760
NM_206853,19317
NM_001128175,13527
NM_006999,210106
NM_001040146,214987
NM_152788,77531
NM_001039649,219105
NM_002135,15370
NM_001008701,330814
NM_001270451,117146
NM_001011649,214444
NM_001166460,17524
NM_001173977,68732
NM_005584,17116
NM_001191009,14105; 432730
NM_001146019,74094
NM_001243788,71726
NM_001142288,18117
NM_001006683,100504429; 74851; 546205; 100042267; 100040585; 100862314; 100862118; 100862088; 546176; 100862179; 100041642; 100041594
NM_001205315,117167
NM_001145104,17127
NM_002009,14178
NM_001171509,193813
NM_001037174,75423
NM_001204506,380921
NM_015396,74125
NM_014784,213498
NM_002109,15115
NM_001242956,235072
NM_145871,14874
NM_015079,67016
NM_001011671,66433
NM_001145256,266632
NM_001270733,94044
NM_001243439,432572
NM_001102668,26441
NM_001270454,66894
NM_001199698_4,
NM_001167928,16180
NM_020442,68915
NM_012431,20349
NM_001271442,67884
NM_002245,16525
NM_021100,18041
NM_001134672,76539
NM_001194998,99100
NM_001271732,67180
NM_001080383,14615
NM_015834,110532
NM_001130701,56291
NM_003260,21886
NM_033196,212569; 408068; 218311; 100417934; 431706; 238690; 328274; 218314; 22746; 432769; 380855; 408067; 238722; 238692; 235907; 238693; 432770; 72807; 408065; 72958; 170763; 629016
NM_178272,231805; 545812; 170741
NM_001164392,17765
NM_002384,17190
NM_001170670,229937
NM_001142318,234723
NM_201381,18810
NM_001244585,192196
NM_176891,230405
NM_001115131,12274
NM_001198764,66205
NM_002641,18700
NM_018684,245522
NM_001160258,12801
NM_182597,380755
NM_201441,21679
NM_001243610,109593
NM_001113178,54446
NM_015342,238831
NM_021070,16998
NM_001033522,67337
NM_001029851,218461
NM_003449,22670
NM_001039375,69487
NM_006489,664883
NM_001145000,16410
NM_001256339,18095
NM_001082970,270156
NM_018092,74513
NM_001082577,93686
NM_001100426,229877
NM_033111,381695
NM_001101667,80911
NM_198938,96979
NM_133505,13179
NM_001111285,16000
NM_015208,106585
NM_001136016,11820
NM_001256182,77087
NM_032023,213391
NM_001164815,56215
NM_001199398,18004
NM_152637,71664
NM_002582,74108
NM_001204516,16579
NM_183012,12916
NM_001159508,56357
NM_206873,19045
NM_025202,98363
NM_022652,67603
NM_020995,15439
NM_001143785,14159
NM_001270528,93836
NM_024699,66361
NM_001013842,268759
NM_015378,230895
NM_001143965,67046
NM_001272075,22224
NM_030964,24066
NM_001127692,110821
NM_001077703,71148
NM_001143970,12593
NM_001011725,545091
NM_001129896,27359
NM_145109,26397
NM_001204056,106585
NM_020548,13167
NM_001160708,70428
NM_032322,71956
NM_002869,19346
NM_001005271,216848
NM_025080,66514
NM_001166448,70315
NM_018102,228876
NM_001202489,22213
NM_001242525,
NM_001146083,77582
NM_007014,66894
NM_001178134,20315
NM_000920,18563
NM_001244990,17931
NM_001145207,56422
NM_001165970,72149
NM_001040057,68152
NM_001174151,68146
NM_001077426,
NM_001206960,85031
NM_032354,66910
NM_020445,242894
NM_004991,14013
NM_017522,16975
NM_001195556,216705
NM_001174122,319740
NM_024615,52552
NM_152838,75710
NM_033421,101113
NM_001013746,212569; 408068; 218311; 100417934; 431706; 238690; 432769; 328274; 218314; 22746; 380855; 408067; 238722; 238692; 235907; 238693; 432770; 72807; 408065; 72958; 170763; 629016
NM_001030007,11765
NM_007174,12704
NM_001242405,14600
NM_001243797,21807
NR_033758,433771
NM_017566,234825
NM_001178032,245522
NM_001080953,22634
NM_001135773,263876
NM_002382,17187
NM_001199463,18567
NM_001142326,23857
NM_001204295,17829
NM_002138,11991
NM_017440,17245
NM_001242590,58217
NM_052860,
NM_001164817,56215
NM_001243755,78412
NM_001145097,20482
NM_001135208,14227
NM_015481,29813
NM_001202522_4,
NM_014462,67207
NM_053067,56085
NM_001164783,12039
NM_015234,224792
NM_018355,
NM_001257323,11785
NM_001256185,55988
NM_001042749,20843
NM_000601,15234
NM_000643,77559
NM_001146696,76804
NM_201277,12798
NM_178135,243168
NM_001831,12759
NM_001201366,105000
NM_001165887,
NM_014174,77862
NM_198722,320844
NM_001098501,208618
NM_033137,14164
NM_001130020,11975
NM_001243532,230809
NM_032852,242557
NM_001079823,16773
NM_001145295,59007
NM_032389,77038
NM_001130519,212569; 408068; 218311; 100417934; 431706; 238690; 328274; 218314; 22746; 432769; 380855; 408067; 238722; 238692; 235907; 238693; 432770; 72807; 408065; 72958; 170763; 629016
NM_001199893,11468
NM_001163999,14013
NM_177976,56297
NM_001276325,74729
NM_152524,244495; 68549
NM_139131,269966
NM_001276458,69257
NM_001256574,13803
NM_001033571,13929
NM_001145963,20498
NM_001350_4,
NM_001290,16826
NM_001007101,
NM_172110,14049
NM_194325,
NM_030932,56419
NM_198594,56745
NM_001271289,269639
NM_001190819,18392
NM_001018001,71529
NM_004205,53376
NM_012099,70333
NM_001198869,12333
NM_001077351,
NM_001243804,245522
NM_001131027,30794
NM_024778,74365
NM_001197051,109910
NM_016250,29811
NM_001007100,20280
NM_001001549,14783
NM_001179,109979
NM_001204290,17829
NM_005011,18181
NM_001098268,319583
NM_001256690,17279
NM_003289,22004
NM_001114182,266632
NM_001166704,
NM_001177971,74199
NM_001032383,54633
NM_033496,15275
NM_001142413,
NM_001099858,105351
NM_152856,236732
NM_014929,75619
NM_181504,18708
NM_001168385,
NM_001145462,77254
NM_001270944,93691
NM_201596,12296
NM_025208,71785
NM_024901,72121
NM_007166,233489
NM_001243565,67422
NM_001008800,12462
NM_182966,18003
NM_000501,13717
NM_018996,217351
NM_001105209,16775
NM_001137602,76890
NM_001193513,210148
NM_001144879,55980
NM_001199081,242608
NM_001243281,11658
NM_172103,14051
NM_005138,100126824
NM_001256053,232339
NM_001271803,225362
NM_001168216,102636554
NM_016269,16842
NM_001014449,234733
NM_194448,26888; 73149; 269799; 474145; 381809
NM_152388,381259
NM_145245,213027
NM_001243756,19303
NM_001143764,74075
NM_139014,26416
NM_001085411,68646
NM_001142703,
NM_006722,17342
NM_015964,67971
NM_152904,432572
NM_005143,15439
NM_001243879,20462
NM_001143681,76263
NM_001199140,225339
NM_001142575,23917
NM_006625,14105; 432730
NM_001042370,20822
NM_014869,232227
NM_001199400,18004
NM_033379,12534
NM_001178063_3,
NM_001165416,16828
NM_014881,55947
NM_001146260,117150
NM_016829,18294
NM_001184872,98752
NM_139352,21339
NM_001261440,58193
NM_080704,193034
NM_001184721,27357
NM_030900,21379
NM_016510,50880
NM_001270398,71461
NM_018291,75578
NM_007112,21827
NM_001244569,12122
NM_001105551,634762; 547097
NM_001007229,20747; 399674; 399675; 399673; 100043188; 212727; 383977; 207213; 399676; 668359; 100042761; 229571; 668325; 102643107
NM_001450,14200
NM_001127399,383295
NM_001171747,212998
NM_001134419,12545
NM_001178121,11308
NM_001198552,22431
NM_181359,16194
NM_152912,76366
NM_001135944,228355
NM_001184943,71901
NM_003078,66993
NM_001177465,333639
NM_001256680,66132
NM_001242503,13371
NM_207038,21406
NM_001276289,19084
NM_199436,50850
NM_001243925,102626
NM_001197318,70809; 232409; 93694; 94071; 93675
NM_206930,83671
NM_001153484,56367
NM_001172566,17874
NM_001079515,70430
NM_001198904,76022
NM_024991,20411
NM_001270782,21780
NM_001251845,22063
NM_001272113,68957
NM_001128846,20586
NM_021107,24030
NM_001271146,54613
NM_181703,14613
NM_001146110,71148
NM_001162498,67168
NM_005014,27047
NM_001173991,68642
NM_016151,381921
NM_001199682,66568
NM_152282,235534
NM_001142397,269037
NM_024707,69731
NM_003461,22793
NM_001166038,26466
NM_004516,16201
NM_001033605,319845
NM_203389,107702
NM_001270411,80287
NM_001128305,235527
NM_001160367,234854
NM_020993,77045
NM_033120,72293
NM_005904,17131
NM_014057,18295
NM_172016_2,
NM_001164711,434437
NM_017815,219072
NM_005807,96875
NM_024845,74763
NM_145284,78755
NM_001256486,224139
NM_001266,104158; 13897
NM_001145313,319636
NM_001265599,
NM_198087,
NM_001160168,72446
NM_001256008,67452
NM_001163788,230257
NM_138557,21898
NM_003457,22680
NM_004531,17434
NM_001001323,67972
NM_005158,11352
NM_001195684,21814
NM_006475,50706
NM_032438,237339
NM_016619,231507
NM_016359,108907
NM_001130916,21812
NM_001195446,225027
NM_001198807,66665
NM_001201547,229699
NM_001144883,106042
NM_001042751,20843
NM_018371,234356
NM_181427,14391
NM_023033,17299
NM_001243645,12632
NM_003925,17193
NM_001170543,72542
NM_001136238,100504715
NM_001267598,56615
NM_001271811,108098
NM_001009960,72611
NM_015941,108664
NM_139008,15216
NM_001144012,66958
NM_001198961,52430
NM_001005340,93695
NM_201597,12296
NM_133325,72057
NM_018943,53857
NM_001145391,71147
NM_001198534,170719
NM_001206880,17540
NM_004697,70052
NM_183398,56736
NM_139047,
NM_001145395,381802
NM_001003679,16847
NM_014507,223722
NM_001197125,54131
NM_004233,12522
NM_004221,
NM_024808,77744
NM_001001396,381290
NM_016418,18016
NM_001893,104318
NM_001243136,240518
NM_021785,24004
NM_183057,66914
NM_004638_1,
NM_183401,56736
NM_001127443,12491
NM_001105566,16553
NM_001012506,320234
NM_001164386,192786
NM_201380,18810
NM_001271007,20892
NM_001247,12497
NM_001159860,213011
NM_024597,320923
NM_007219,51902
NM_001114123,13712
NM_001114184,108853
NM_005612,19712
NM_080630,12814
NM_005053,19358
NM_017974,77040
NM_152238,76561
NM_018018,69354
NM_017610,93836
NM_012119,105278
NM_001167823,53619
NM_001169118,116873
NM_001190317,76500
NM_001161429,223332
NM_138494,72611
NM_001258244,66279
NM_002402,17294
NM_052879,207214
NM_001127709,96875
NM_002768,234852
NM_014791,17279
NM_175069,66408
NM_001145134,12895
NM_001143787,223828
NM_001023571,320299
NM_022133,74718
NM_001145293,59007
NM_001164145,101994
NM_001040660,67009
NM_003081,20614
NM_001077395,69740
NM_001142521,107373
NM_006090,99712
NM_007139,212569; 408068; 218311; 100417934; 431706; 238690; 328274; 218314; 22746; 432769; 380855; 408067; 238722; 238692; 235907; 238693; 432770; 72807; 408065; 72958; 170763; 629016
NM_001111039,432731
NM_001122671,70266
NM_001184977,56046
NM_001256461,20496
NM_001253699,59079
NM_001204869,22402
NM_001270880,67980
NM_053006,22115
NM_032997,52696
NM_001200032,109685
NM_001907,109660
NM_005657,27223
NM_001018159,234664
NM_001271427,230866
NM_001031695,93686
NM_006962,319535
NM_001271014,16709
NR_033743,11958
NM_181528,67877
NM_001159770,69806
NM_001243280,11658
NM_024840,72154
NM_031990,19205
NM_024553,73288
NM_003083,102209
NM_001270370,100039257; 66039; 100039192
NM_001040451,216724
NM_001256403,66390
NM_001165413,18787
NM_001146284,21416
NM_017410,15422
NM_001195071,223693
NM_017638,67219
NM_000176,14815
NM_001199389,13822
NM_001253697,59079
NM_001134376,240665
NM_001198533,170719
NM_001146190,240476
NM_014599,80884
NM_001099658,16981
NM_001165962,68626
NM_001141947,320234
NM_001242904,225651
NM_001009182,66603
NM_001272065,66940
NM_018923,93700
NM_203488,66204
NM_001102396,66641
NM_005572,16905
NM_001184891,319945
NM_001205316,117167
NM_001128916,53333
NM_001142364,66248
NM_001142526,70237
NM_018197,22722
NM_001193617,20280
NM_001204204,67815
NM_198089,
NM_001098801,108654
NM_001173539,53325
NM_004555,18021
NM_001164094,26894
NM_030629,74440
NM_001253764,24068
NM_001100814,219024
NM_001135004,56323
NM_177556,56191
NM_001271904,66787
NM_199039,71778
NM_001044391,17829
NM_201263,70560
NM_018337,72667
NM_014761,71955
NM_019594,241296
NM_001037334,59025
NM_001128626,68166
NM_004951,321019
NM_001134665,108943
NM_001081560,13400
NM_002566,
NM_053031,107589
NM_207005,22278
NM_032838,72556
NM_182665,54354
NM_001164720,231214
NM_001010990,64209
NM_001128304,235527
NM_001136052,78070
NM_032099,93702
NM_001184941,71901
NM_001042781,21957
NM_001267556,18570
NM_001115016,226976
NM_001242817,23854
NM_006534,17979
NM_018182,216971
NM_014063,13169
NM_001098536,22225
NM_198156,22346
NM_001128917,53333
NM_001199817,110175
NM_001265595_1,
NM_001265590,20168
NM_001122674,19299
NM_015894,20262
NM_001242927,52708
NM_001080744,110197
NM_001421,56501
NM_020990,12716
NM_001203261,102641347; 68197
NM_001198719,245688
NM_001195251,66408
NM_032097,93705
NM_207660,75553
NM_001131015,68379
NM_153263,
NM_004780,237052
NM_004731,20503
NM_001134778,18516
NM_001099640,67888
NM_001270979,71955
NM_033222,101739
NM_001173531_2,
NM_001130968,29813
NM_001135768,
NM_152897,101113
NM_001242538,634762; 547097
NM_001128429,13990
NM_133172,225372; 24068
NM_001164754,65973
NM_001190241,68259
NM_001013839,53413
NM_001083585,54189
NM_001205029,17245
NM_153640,74450
NM_001002858,12306
NM_018312,52036
NM_001177466,333639
NM_173082,268281
NM_198061,436059; 234673; 234669; 102022; 234671; 71903
NM_001184743,319207
NM_001177306,18484
NM_001002843,235469
NM_001197297,14390
NM_031314,15381
NM_001001522,21345
NM_001136497,70533
NM_001177802,57785
NM_018155,192287
NM_030819,70575
NM_001136049,239833
NM_001130065,17925
NM_001130849,12283
NM_001083908,109065
NM_007011,54608
NM_001170757,78755
NM_001144027,78797
NM_133372,216742
NM_002632,18654
NM_001257145,320209
NM_001253676,237336
NM_001267551,18618
NM_003271,64540
NM_007326,109754
NM_001199855,56248
NM_001271610,
NM_001029854,218461
NM_007276,12417
NM_001256336,68058
NM_134446,171486
NM_001168339,69863
NM_018095,67136
NM_006112,56031
NM_198043,74168
NM_001256728,28035
NM_006389,12282
NM_001276459,69257
NM_001822,108699
NM_033017,
NM_138378,382137
NM_130784,74075
NM_001170808,207214
NM_001130825,20924
NM_001242483,69860
NM_018846,52323
NM_001242461,14600
NM_017549,105298
NM_001164825,80284
NM_001164752,65973
NM_006569,68567
NM_025236,386454
NM_001245005,18029
NM_001083953,240174
NM_019099,109050
NM_001100603,66913
NM_001164821,75763
NM_001167830,73130
NM_001242339,56421
NM_002731,18749
NM_052811,66597
NM_006643,68112
NM_018167,238386
NM_001201483,433182; 13806
NM_005266,14613
NM_138822,18484
NM_147164,12804
NM_001018037,271564
NM_001256670,75221
NM_183399,56736
NM_001206540,12345
NM_181524,18708
NM_001206856,232560
NM_015500,207781
NM_001145714,56459
NM_006709,110147
NM_001172420,71877
NM_030763,50887
NM_001145155,11819
NM_022170,22384
NM_001014447,242939
NM_019843,74203
NM_001163814,226153
NM_001201475,68046
NM_032154,71041
NM_001173456,18597
NM_001177388,16854
NM_001093726,20363
NM_033244,18854
NM_001271844,207592
NM_017527,76486
NM_001128853,83701
NM_001271318,269639
NM_001100812,66102
NM_001271918,56529
NM_001167617,17350
NM_005943,56738
NM_001190826,71532
NM_001199620,211329
NM_001127617,11674; 353204
NM_001171660,109754
NM_001270952,50933; 93841
NM_003662,69656
NM_001146282,24067; 665155
NM_004369,12835
NM_001243783,100503572
NM_001197128,54131
NM_001171904,321006
NM_001167865,67872
NM_133342,19356
NM_001005377,18793
NM_001271634,58184
NM_001243204,26940
NM_001113567,192976
NM_032098,93701
NM_001198843,19653; 102902673
NM_032711,17134
NM_001195053,13198
NM_001134946,58991
NM_052827,12566
NM_001271022,235610
NM_018643,58217
NM_001143758,76612
NM_020142,407790
NM_013979,224630
NM_012286,56397
NM_001127444,12491
NM_001261443,14680
NM_005914,17217
NM_001080855,19303
NM_014659,327655
NM_032687,54151
NM_001256429,56376
NM_030817,381823
NM_001195304,100503572
NM_001011516,56376
NM_001005368,232337
NM_001271896,71807
NM_001007593,20597
NM_001243658,93692
NM_001267700,12034
NM_001039707,68112
NM_001256240,233575
NM_001007227,20747; 399674; 399675; 399673; 100043188; 212727; 383977; 207213; 399676; 668359; 100042761; 229571; 668325; 102643107
NM_001199291,15488
NM_001165417,67863
NM_145343,328561; 102641258; 245282; 223672; 71898; 626615; 328563
NM_001270643,192196
NM_001127204,15369
NM_001142483,27528
NM_000185,15160
NM_001109891,26417
NM_001130442,15461
NM_001011546,56431
NM_001018050,78929
NM_181800,68612
NM_001136134,19943
NM_007222,22770
NM_001244972,18186
NM_003829,17475
NM_001135694,22335
NM_173717,68626
NM_145001,269019
NM_001270448,11370
NM_001199649,14083
NM_001164317,286940
NM_001163435,271981
NM_012201,20340
NM_001079685,97820
NM_005432,74335
NM_201997,22668
NM_001184991,66377
NM_001077488,14683
NM_024860,66083
NM_004456,14056
NM_030963,68031
NM_181312,66826
NM_001272101,58223
NM_207296,56758
NM_001084393,13202
NM_101395,13548
NM_001166496,20501
NM_018917,93712
NM_001193655,217370
NM_001079867,19302
NM_016547,20318
NM_001032384,54633
NM_001142590,18046
NM_001193599,20280
NM_001164753,65973
NM_032732,171095
NM_025115,234138
NM_001199196,76813
NM_000965,218772
NM_001252127,108011
NM_001199954,11465
NM_153718,18226
NM_001243254,19347
NM_001190823,17131
NM_001145413,18024
NM_001271837,26611
NM_006664,100039863; 100861978; 100039939; 100040048; 20301
NM_014281,67959
NM_015506,67096
NM_001167985,103844
NM_173210,21815
NM_001006947,75089
NM_001267045,19192
NM_145114,17187
NM_004737,16795
NM_001197296,407800
NM_001202466,66505
NM_001199758,107885; 100039707
NM_001037537,16922
NM_001001390,12505
NM_002789,26441
NM_018119,26939
NM_001251990,57441
NM_001258354,20624
NM_017492,233871
NM_001145299,53413
NM_001159702,14199
NM_021960,17210
NM_001271608,16796
NM_001136140,66588
NM_001003785,71679; 100039281
NM_018916,93711
NM_033110,223267
NM_145320,71720
NM_001257395,66589
NM_023922,387616; 667992; 387345; 353167; 353166; 387352; 387343; 387344; 387354; 353325
NM_001242463,67731
NM_004675,
NM_001206488,11910
NM_058197,12578
NM_001018005,22003
NM_016081,72333
NM_000366,22003
NM_033668,16412
NM_001146316,14794
NM_001134709,110052
NM_001256280,
NM_001142422,56397
NM_203384,107702
NM_001043351,59069
NM_201555,14200
NM_001014796,18214
NM_001198530,21416
NM_018106,72881
NM_145698,74159
NM_001042429,68215
NM_001001935,11946
NM_002107,15081; 15078
NM_001042476,52502
NM_001008860,93790
NM_001159703,14199
NM_001258031,574418
NM_001199708,68283
NM_033340,12369
NM_001242899,71474
NM_001143680,76263
NM_001271920,56529
NM_001146728,66727
NM_001260512,56615
NM_001144942,19376
NM_001162497,67168
NM_000118,13805
NM_001253771,56403
NM_001184888,93790
NM_001220491,12554
NM_001204453,19181
NM_001172567,17874
NM_001276389,228730
NM_001127695,19025
NM_001163287,14030
NM_001270532,60532
NM_000116,66826
NM_001206486,11910
NM_001142418,56397
NM_001024094,14815
NM_001135690,18619
NM_001129884,21767
NM_001190233,67713; 100503724
NM_213611,18674
NM_170681,320806
NM_001166688,18642
NM_001256709,68999
NM_003330,50493
NM_001001788,
NM_181296,100504164
NM_001258320,277414
NM_001048222,52840
NM_001258028,21881
NM_001267775,55978
NM_001145408,53610
NM_052987,234854
NM_181799,68612
NM_001113496,53860
NM_003968,22200
NM_001144944,67268
NM_001099224,67694
NM_001159651,69556
NM_001243084,15251
NM_007244,
NM_001142425,56397
NM_001002258,228033
NM_052999,100504164
NM_001271952,66648
NM_001011515,56376
NM_001130042,12972
NM_001204055,68197
NM_001276479,74142
NM_001193600,20280
NM_000177,227753
NM_001242560,26921
NM_021575,232910
NM_001127205,15369
NM_017526,230514
NM_001130523,229663
NM_001184989,66377
NM_033138,109624
NM_001099668,56295
NM_201428,20168
NM_001136015,12306
NM_001165414,16828
NM_001079841,68095
NM_001098207,98758
NM_001134484,666377; 68512
NM_001145777,14229
NM_001043352,59069
